{
    "class": "Version",
    "prism": [
        6,
        9.630364724252056,
        20.5,
        0.4959443154756103,
        0.08
    ],
    "puddle": {
        "class": "Puddle",
        "hue_dirtiness_dist": [
            0.9811486433448088,
            1.0238161995888846,
            1.0954572596437946,
            0.3291209738632602,
            0.6990949164231213
        ],
        "sat_dirtiness_dist": [
            0.9247448907798177,
            0.9400506500685217,
            0.981229535660757,
            0.851049549819945,
            0.04582533578204397
        ],
        "val_dirtiness_dist": [
            0.9948849114759343,
            1.0195010166242957,
            1.0340704084196266,
            0.7261622338207793,
            0.047222135198864965
        ],
        "hue_stillness_dist": [
            0.06479371211325885,
            0.06574523737963005,
            0.0988044255478596,
            0.7387042226813332,
            0.5902226140605501
        ],
        "sat_stillness_dist": [
            0.009416493615139335,
            0.02212635610230329,
            0.040057105836889755,
            0.4734162996718684,
            0.6254815303989265
        ],
        "val_stillness_dist": [
            0.03416379929697284,
            0.06684310313543781,
            0.10864989489746414,
            0.48478088912005834,
            0.5042623396350969
        ]
    },
    "pasteller": {
        "class": "Pasteller",
        "frac_mid": 0.14780244161360578,
        "amt_sharp": 0.6263714910059075
    },
    "permuter": [
        9.319297686902972,
        9.348798411126582,
        15.150618796392756,
        0.2424464383573749,
        0.0016452491851823704
    ],
    "procession": 1.8,
    "controller": {},
    "conceiver": {
        "8": {
            "X": {
                "class": "CartConcept",
                "nice_chance": 1,
                "unnice_chance": 0.5,
                "mean_dist": [
                    0,
                    0.5,
                    1,
                    0.5,
                    0.9754342321529704
                ],
                "freqhood_dist": [
                    0,
                    0.6830859384991178,
                    1,
                    1,
                    0
                ],
                "index_dist": [
                    0,
                    0,
                    1,
                    1,
                    0
                ],
                "unnice_dist": [
                    -0.5,
                    0,
                    0.5,
                    null,
                    0
                ]
            }
        },
        "9": {
            "X": {
                "class": "CartConcept",
                "nice_chance": 0.06415764708342064,
                "unnice_chance": 0,
                "mean_dist": [
                    0,
                    0.8813537570236962,
                    1,
                    null,
                    0
                ],
                "freqhood_dist": [
                    0,
                    0.5056497373322066,
                    1,
                    1,
                    0.17158893696586872
                ],
                "index_dist": [
                    0,
                    0.7940762007259979,
                    1,
                    0.5,
                    0.010798013421172668
                ],
                "unnice_dist": [
                    -0.5,
                    -0.5,
                    0.5,
                    null,
                    0.34535404143121956
                ]
            }
        },
        "10": {
            "X": {
                "class": "CartConcept",
                "nice_chance": 0.547364040332234,
                "unnice_chance": 0.20832195506082496,
                "mean_dist": [
                    0,
                    0.12256662949467467,
                    1,
                    null,
                    0.5118165118583413
                ],
                "freqhood_dist": [
                    0,
                    0.5885307786296898,
                    1,
                    0.854136031922694,
                    0
                ],
                "index_dist": [
                    0,
                    0.273009868052293,
                    1,
                    0.5,
                    0.33109850196518265
                ],
                "unnice_dist": [
                    -0.5,
                    0.5,
                    0.5,
                    null,
                    0.125
                ]
            }
        },
        "11": {
            "X": {
                "class": "CartConcept",
                "nice_chance": 0.547364040332234,
                "unnice_chance": 0.5,
                "mean_dist": [
                    0,
                    0.12256662949467467,
                    1,
                    0.9970514522698429,
                    0.5118165118583413
                ],
                "freqhood_dist": [
                    0,
                    0,
                    1,
                    null,
                    0
                ],
                "index_dist": [
                    0,
                    0.273009868052293,
                    1,
                    0.5,
                    0.33109850196518265
                ],
                "unnice_dist": [
                    -0.5,
                    0.37254514006308415,
                    0.5,
                    0.09760306837747135,
                    0.30900092326463485
                ]
            }
        },
        "12": {
            "X": {
                "class": "CartConcept",
                "nice_chance": 0.547364040332234,
                "unnice_chance": 0.20832195506082496,
                "mean_dist": [
                    0,
                    0.12256662949467467,
                    1,
                    0.9970514522698429,
                    0.5118165118583413
                ],
                "freqhood_dist": [
                    0,
                    0.45,
                    1,
                    null,
                    0
                ],
                "index_dist": [
                    0,
                    0.273009868052293,
                    1,
                    null,
                    0.33109850196518265
                ],
                "unnice_dist": [
                    -0.5,
                    0.37254514006308415,
                    0.5,
                    0.5,
                    0.30900092326463485
                ]
            }
        },
        "13": {
            "Y": {
                "class": "CartConcept",
                "nice_chance": 1,
                "unnice_chance": 0,
                "mean_dist": [
                    0,
                    0.2774494548744644,
                    1,
                    null,
                    0.001175779600046839
                ],
                "freqhood_dist": [
                    0,
                    0.35,
                    1,
                    null,
                    0.004012133574885127
                ],
                "index_dist": [
                    0,
                    0.44439384664088943,
                    1,
                    null,
                    0.46719405940350534
                ],
                "unnice_dist": [
                    -0.5,
                    0.5,
                    0.5,
                    0.07730722841204796,
                    0
                ]
            }
        },
        "14": {
            "Y": {
                "class": "CartConcept",
                "nice_chance": 0.03258362457757791,