{
    "class": "Version",
    "prism": [
        6,
        8.842369559323327,
        20.5,
        0.5141434267006916,
        0.08
    ],
    "puddle": {
        "class": "Puddle",
        "hue_dirtiness_dist": [
            0.845046961082534,
            0.9772521801694035,
            0.9774152943064253,
            0.715785874802948,
            0.0003281110446905882
        ],
        "sat_dirtiness_dist": [
            0.963563929832807,
            1.0107032358732173,
            1.0348347212004947,
            0.8923068257263379,
            0.02466103339360832
        ],
        "val_dirtiness_dist": [
            0.9746426403533085,
            0.9815943190393766,
            0.9893798723380777,
            0.6156305434430477,
            0.00032766579096874703
        ],
        "hue_stillness_dist": [
            0.05962285638114438,
            0.0686419015089309,
            0.08582056327779641,
            0.2563021119914384,
            0.29564099787691756
        ],
        "sat_stillness_dist": [
            0.06055747457324375,
            0.07913964906445009,
            0.09099508132550967,
            0.8005682290771602,
            0.45188004838065665
        ],
        "val_stillness_dist": [
            0.05045621335502728,
            0.05108509666529905,
            0.05447153915998669,
            0.3950176707255342,
            0.05686779187317762
        ]
    },
    "pasteller": {
        "class": "Pasteller",
        "frac_mid": 0.9960988454774151,
        "amt_sharp": 0.6186213847273885
    },
    "permuter": [
        8.133624588837288,
        8.171015982805848,
        9.881578562703467,
        0.25690705452989115,
        0.10560469911098205
    ],
    "procession": 1.8,
    "controller": {},
    "conceiver": {
        "8": {
            "X": {
                "class": "CartConcept",
                "nice_chance": 0.5,
                "unnice_chance": 1,
                "mean_dist": [
                    0,
                    0,
                    1,
                    1,
                    0.125
                ],
                "freqhood_dist": [
                    0,
                    0,
                    1,
                    1,
                    0
                ],
                "index_dist": [
                    0,
                    0,
                    1,
                    1,
                    0
                ],
                "unnice_dist": [
                    -0.5,
                    0,
                    0.5,
                    null,
                    0
                ]
            }
        },
        "9": {
            "X": {
                "class": "CartConcept",
                "nice_chance": 1,
                "unnice_chance": 1,
                "mean_dist": [
                    0,
                    0,
                    1,
                    1,
                    0.3981220430354876
                ],
                "freqhood_dist": [
                    0,
                    0.45,
                    1,
                    0.5,
                    0
                ],
                "index_dist": [
                    0,
                    1,
                    1,
                    null,
                    0.125
                ],
                "unnice_dist": [
                    -0.5,
                    0,
                    0.5,
                    1,
                    0
                ]
            }
        },
        "10": {
            "X": {
                "class": "CartConcept",
                "nice_chance": 0,
                "unnice_chance": 0,
                "mean_dist": [
                    0,
                    1,
                    1,
                    0,
                    0
                ],
                "freqhood_dist": [
                    0,
                    0.45,
                    1,
                    1,
                    0
                ],
                "index_dist": [
                    0,
                    1,
                    1,
                    0,
                    0.125
                ],
                "unnice_dist": [
                    -0.5,
                    0,
                    0.5,
                    0.5,
                    0
                ]
            }
        },
        "11": {
            "Y": {
                "class": "CartConcept",
                "nice_chance": 0.5,
                "unnice_chance": 1,
                "mean_dist": [
                    0,
                    1,
                    1,
                    null,
                    0.013217246317766433
                ],
                "freqhood_dist": [
                    0,
                    0.45,
                    1,
                    1,
                    0.022784610243671018
                ],
                "index_dist": [
                    0,
                    0,
                    1,
                    0,
                    0
                ],
                "unnice_dist": [
                    -0.5,
                    0.5,
                    0.5,
                    1,
                    0
                ]
            }
        },
        "12": {
            "Y": {
                "class": "CartConcept",
                "nice_chance": 0.5,
                "unnice_chance": 1,
                "mean_dist": [
                    0,
                    0,
                    1,
                    null,
                    0
                ],
                "freqhood_dist": [
                    0,
                    0.45,
                    1,
                    null,
                    0
                ],
                "index_dist": [
                    0,
                    1,
                    1,
                    1,
                    0
                ],
                "unnice_dist": [
                    -0.5,
                    0,
                    0.5,
                    null,
                    0
                ]
            }
        },
        "13": {
            "Y": {
                "class": "CartConcept",
                "nice_chance": 0,
                "unnice_chance": 0,
                "mean_dist": [
                    0,
                    0.6646220051705458,
                    1,
                    0.5,
                    0
                ],
                "freqhood_dist": [
                    0,
                    0.45,
                    1,
                    null,
                    0
                ],
                "index_dist": [
                    0,
                    0,
                    1,
                    0,
                    0
                ],
                "unnice_dist": [
                    -0.5,
                    0,
                    0.5,
                    0.5,
                    0
                ]
            }
        },
        "14": {
            "IT": {
                "class": "ItConcept",
                "iterance_0_dist": [
                    1,
                    34.15834685645925,
                    67.3166937129185,
                    null,
                    0
                ],
                "iterance_1_dist": [
                    1,
                    1.0,
                    1,
                    null,
                    0
                ],
                "xlike_chance": 0.5
            }
        },
        "15": {
            "GMEAN": null
        },
        "16": {
            "SIN": {
                "class": "SinConcept",
                "wc": {
                    "class": "WaveConcept",
                    "nice_chance": 0,